Sr,NAAC ,,,Strategic Plan ,,,Gradguate Attribute,,,General Information :,,,,,,Speaker/Guest/Presenter Details :,,,,Participant’s profile :,,Synopsis of the Activity (Description):,,,,Rapporteur Details:,
,"Criteria/ Focus Area
Standard No.","Sub Criteria/ 
Standard No","Sub-Criteria/ 
Standard Title","Criteria/ Focus Area
Standard No.","Sub Criteria/ 
Standard No","Sub-Criteria/ 
Standard Title","Criteria/ Focus Area
Standard No.","Sub Criteria/ 
Standard No","Sub-Criteria/ 
Standard Title",Type of Activity ,Title of the Activity ,Date/s ,Time ,Venue ,    Collaboration/Sponsor  (if any) ,Name ,Title/Position ,Organization ,Title of Presentation ,Type of Participants ,No. of Participants,Highlights of the Activity,Key Objectives/Takeaways,Summary of the Activity,"Follow-up Plan, if any ",Name of the Rapporteur ,Email and Contact No 
1,5,5.1.3,Awareness Program,3,3.2,Vibrant and enriching campus experience,,,Societal (Law Abiding),Awareness Session,An Awareness session on Cybercrime,"27th February,2026",12.45PM- 1.45PM,"Room 044, Ground Floor, RnD, Christ (Deemed to be University) Bengaluru- 560029",None,G. Krishnendu (2441421),Student of Department of Statistics and Data Science,Christ University,An Awareness session on Cybercrime,Students and Faculties,65,"Expert-Led Legal Insight: The session was conducted by Dr. Diya C R, Assistant Professor, School of Law, who provided a comprehensive overview of cybercrime from a legal perspective. Real-World Cybercrime Cases: The discussion included commonly occurring cyber offences such as phishing attacks, online banking frauds, UPI scams, identity theft, fake job offers, social media hacking, and misuse of OTPs, explained with practical examples. Understanding Legal Frameworks: The session highlighted important cyber laws in India, including provisions under the Information Technology Act, and explained the legal remedies available to victims. Practical Cyber Safety Measures: Clear guidelines were provided on safe digital practices, recognizing fraudulent links and calls, protecting personal data, and steps to take if one becomes a victim of cybercrime. Role of Cyber Security: A clear explanation about the role of cyber security in dealing with cyber crime was discussed by the speaker. The role of digital proof was especially discussed.","To create awareness about different types of cybercrimes and their increasing impact on individuals and society. To help participants understand the legal implications and rights related to cyber offences. To encourage responsible digital behavior and safe online practices. To emphasize the importance of not sharing sensitive information such as OTPs, passwords, PINs, or personal details with unknown sources. To equip students and faculty with knowledge on preventive measures and reporting mechanisms in case of cyber fraud.","The awareness session on Cybercrime was conducted by Dr. Diya C R, Assistant Professor, School of Law, to educate participants about the growing threats in the digital world and the legal aspects associated with cyber offences. The session focused on common cybercrimes such as phishing, online fraud, UPI scams, identity theft, and misuse of personal information. Through real-life examples and clear explanations, participants gained a better understanding of cyber laws, preventive measures, and responsible digital behavior. The interactive discussion enhanced awareness and empowered attendees to identify, prevent, and respond effectively to cyber threats, promoting safer and more secure use of digital platforms.",None,,
